10hourburst,,
200pumpshotty,,
4seasons,,
500Wmicrowave,,
5HeadThinker,,
7deadlysins,,
7HourNap,,
85SecondsToMidnight,,
ABiggerBoat,,
AbyssalHunter,,
AccountDeleted,,
acidrain08,,
acuteangle,,
ageof30indemand,,
allhopeisgone,,
amigregnant,,
anomalocaris15,,
AntennasToHeaven,,
ApocShadow,,
ASDKLFAJSASLK,,
BaconGrease,,
ballsover,,
BananaBread65,,
bingledong,,
BlackLotus44,,
bluescreen,,
bookworm72,,
BottomGear,,
brainrotted,,
brimstone,,
BrokenChain,,
bubblegum89,,
buckshot,,
burneraccount8162,,
cantstopwontstop,,
CartoonFunnyMoments,,
CastToFamilyTV,,
ChainsawGuy,,
cherrycola,,
chromegaming,,
chucklenuts,,
cilantro,,
clearbrowserhistory,,
CLICKMYBIO,,
ClownBehavior,,
COLDEDITZ,,
CollectMyPages,,
ComeBackIn10Years,,
ConeHead33,,
ConnectionTerminated,,
controllersmasher,,
CosmicHorror,,
creature,,
CriticalMiss,,
CryForTheWeeper,,
CryptoGuides2026,,
DailyDoseOfVtubing,,
deadangels,,
deaftoned,,
death2mods,,
DeathlordTheTerminator,,
DEFCON1,,
DefinitelyASpy,,
DeleteSystem32,,
delulu91,,
demomangaming,,
dinofan7123457,,
dmforfeetpics,,
DMmeplease,,
doggie212,,
DoNotDisturb,,
doom,,
duende,,
EchoChamber,,
EggplantFace,,
EmberEnjoyer,,
enpassant,,
ERAM,,
eternaldamnation,,
ExistentialThreat,,
expiredmilk,,
extendedwarranty,,
ExtremeDemon,,
eyeforgor,,
F1tnessPacerTest,,
fastfoodw0rker,,
FatefulFindings,,
FemurBreaker,,
firestarter74,,
firexstorm,,
fish,,
FlashbangGrenade,,
flintandsteel,,
FlushFive,,
forgivemefather,,
fpspro2013,,
fraudtomorrow,,
FunnyCatVideos,,
funnyusername,,
fuzzypants223,,
gabagool,,
gamblingaddiction,,
GarbageDay,,
gaslighter97,,
GETREAL1111,,
GiantHarper,,
gingerale,,
GlassCannon,,
gluefactory,,
GoldenStrawberry,,
GothGirlCentral,,
GrandmasterChess,,
gubby,,
gullible,,
hamburger55,,
HastaLaVista,,
HellsKitchen,,
hollowed,,
horsegirl,,
HostOfEmbers,,
hotsinglesinyourarea,,
IceSoupForDinner,,
idkwhattotype,,
IEatChalk,,
iluvtanlines,,
imissmywife,,
indenile,,
internalscreaming,,
IStoleUrToast,,
ItsJustAGame,,
ItsSoOver,,
IWantMommy,,
JobApplication,,
justanotherweeb,,
justgotunbanned,,
JustHereForDrama,,
KAIJU,,
kill7billion,,
Kpoplover628,,
LaserMinigun77,,
lobotomy2,,
LordOfShades,,
LostInTranslation,,
LucidDreamer,,
MamaBrickolini,,
MarketPliers,,
MementoMori,,
mentosillnos,,
minorspelingmistake,,
momifrewup,,
MonkeMemes,,
MoreSlopPlease,,
mouthwash,,
mr11037,,
MustardMan,,
mytableisbroken,,
NaturalDisaster,,
NeckSnapper,,
NoodleLuckIsReal,,
NotASpy,,
NotGonnaSugarCoatIt,,
NuclearOption,,
number1adafan,,
OffTheRails,,
onemoreg4me,,
OnlyInOhio,,
OTAKUPRIME,,
OverTheRoadRacer,,
OverworkedSalaryman,,
PCMasterRace,,
phonkmaster67,,
pinksauce,,
PranksterBros,,
princessgaming,,
progamer3425,,
ProudDegenerate,,
R00TB33R,,
ratatatatata,,
ReactAndy,,
RedHeadedStepChild,,
REFLECTO,,
rekka406,,
retroSLOP,,
ReverseCard,,
rizzExpert,,
RoidRage,,
SadOnion,,
SailorJune,,
SantaIsReal,,
scardoesntdisappear,,
SeaLionCompilations,,
shetookthekids,,
Shoebill47,,
shrimpfriedrice,,
sixfingers,,
skinwalker,,
SkipOn7,,
SKULLOMAJ,,
SleepIsForTheWeak,,
snailASMR,,
sodaguzzler,,
SomebodyStoleMyToast,,
SorryNothing,,
SoyMilk,,
SpaceExplorerX,,
spaghettiii,,
spiralout,,
starlightshards,,
StillNotBanned,,
SubwaySpammer,,
SuperShotgun,,
sussybaka,,
Tanglewood,,
TaxEvader,,
tearsofdenial,,
temp623978,,
tetrahedron,,
TheMinis,,
theonewhoknocks,,
TheyreInTheWoods,,
thirddegreeburns,,
ThrashMachine,,
ticklemonster,,
TidalWave04,,
Tinfoil5Gameplay,,
TripleSpike,,
TwistedPair,,
UnbanMyAlt,,
unemployment,,
untitled0,,
Uranium235,,
UUDDLRLRBAstart,,
uwumaster,,
VtuberEnjoyer,,
washmybelly,,
WaterCooler,,
wavedashpro,,
WereSoBack,,
WhatWasHeCooking,,
whyamihere,,
wildfire56,,
wiltedrose,,
wishiknew,,
WomenFearMe,,
xxSIGMA67xx,,
yourbiggesthater,,
YourCarIsOnFire,,
YourWaifu,,
yummynickel,,
zzyzxroad,,
